position	positive_direction	negative_direction
1	0	0.02
2	0	0.02
3	0	0.01
4	0	0.01
5	0	0.01
6	0	0.02
7	0	0.01
8	0	0.01
9	0	0.01
10	0	0.01
11	0	0.02
12	0	0.01
13	0	0.02
14	0	0.02
15	0	0.02
16	0	0.02
17	0	0.02
18	0	0.02
19	0	0.02
20	0	0.02
21	0	0.03
22	0	0.03
23	0	0.03
24	0	0.03
25	0	0.03
26	0.01	0.03
27	0	0.04
28	0	0.04
29	0	0.04
30	0	0.05
31	0	0.06
32	0	0.06
33	0	0.06
34	0	0.07
35	0	0.07
36	0	0.08
37	0	0.08
38	0	0.09
39	0	0.1
40	0	0.11
41	0	0.12
42	0	0.13
43	0.01	0.15
44	0	0.16
45	0.01	0.17
46	0.01	0.18
47	0.01	0.2
48	0.01	0.22
49	0.01	0.23
50	0.01	0.23
51	0.01	0.25
52	0.01	0.26
53	0.01	0.27
54	0.01	0.29
55	0.01	0.31
56	0.01	0.31
57	0.01	0.33
58	0.01	0.34
59	0.02	0.35
60	0.02	0.37
61	0.02	0.38
62	0.02	0.4
63	0.02	0.41
64	0.02	0.43
65	0.02	0.44
66	0.03	0.45
67	0.03	0.47
68	0.03	0.48
69	0.03	0.5
70	0.03	0.51
71	0.03	0.53
72	0.03	0.54
73	0.03	0.56
74	0.03	0.56
75	0.03	0.58
76	0.03	0.58
77	0.03	0.59
78	0.03	0.59
79	0.03	0.59
80	0.03	0.59
81	0.02	0.59
82	0.03	0.59
83	0.02	0.59
84	0.02	0.59
85	0.02	0.58
86	0.02	0.58
87	0.02	0.56
88	0.02	0.55
89	0.02	0.54
90	0.02	0.53
91	0.02	0.51
92	0.02	0.5
93	0.02	0.47
94	0.02	0.45
95	0.02	0.42
96	0.02	0.4
97	0.02	0.38
98	0.02	0.35
99	0.02	0.31
100	0.02	0.28
101	0.02	0.25
102	0.02	0.22
103	0.02	0.19
104	0.02	0.17
105	0.02	0.14
106	0.02	0.12
107	0.02	0.1
108	0.02	0.08
109	0.02	0.07
110	0.02	0.06
111	0.02	0.05
112	0.02	0.04
113	0.02	0.03
114	0.02	0.03
115	0.02	0.02
116	0.02	0.02
117	0.02	0.02
118	0.02	0.02
119	0.03	0.02
120	0.03	0.02
121	0.03	0.02
122	0.03	0.02
123	0.03	0.02
124	0.03	0.02
125	0.03	0.02
126	0.03	0.02
127	0.04	0.01
128	0.04	0.02
129	0.04	0.01
130	0.04	0.01
131	0.04	0.01
132	0.04	0.01
133	0.04	0.01
134	0.04	0.01
135	0.04	0.01
136	0.04	0.01
137	0.04	0.01
138	0.04	0.01
139	0.05	0.01
140	0.05	0.01
141	0.05	0.01
142	0.05	0.01
143	0.05	0.01
144	0.05	0.01
145	0.05	0.01
146	0.05	0.01
147	0.05	0.01
148	0.05	0.01
149	0.06	0.01
150	0.06	0.01
151	0.06	0.01
152	0.06	0.01
153	0.06	0.01
154	0.06	0.02
155	0.07	0.02
156	0.07	0.02
157	0.07	0.02
158	0.07	0.02
159	0.08	0.02
160	0.08	0.02
161	0.08	0.03
162	0.08	0.03
163	0.09	0.03
164	0.09	0.04
165	0.1	0.04
166	0.1	0.04
167	0.11	0.05
168	0.12	0.05
169	0.12	0.05
170	0.13	0.06
171	0.13	0.07
172	0.13	0.07
173	0.14	0.08
174	0.14	0.09
175	0.14	0.09
176	0.14	0.1
177	0.13	0.11
178	0.14	0.12
179	0.13	0.12
180	0.13	0.13
181	0.12	0.14
182	0.12	0.15
183	0.11	0.15
184	0.11	0.17
185	0.1	0.17
186	0.1	0.18
187	0.1	0.19
188	0.09	0.2
189	0.09	0.2
190	0.08	0.21
191	0.08	0.22
192	0.07	0.23
193	0.07	0.22
194	0.06	0.24
195	0.06	0.24
196	0.06	0.25
197	0.06	0.26
198	0.06	0.27
199	0.06	0.27
200	0.05	0.28
201	0.05	0.28
202	0.05	0.3
203	0.04	0.29
204	0.04	0.3
205	0.04	0.31
206	0.04	0.31
207	0.04	0.32
208	0.04	0.33
209	0.03	0.33
210	0.03	0.35
211	0.03	0.35
212	0.03	0.37
213	0.03	0.37
214	0.03	0.38
215	0.03	0.38
216	0.03	0.39
217	0.03	0.4
218	0.03	0.41
219	0.03	0.41
220	0.03	0.42
221	0.04	0.42
222	0.04	0.43
223	0.04	0.42
224	0.04	0.42
225	0.04	0.43
226	0.04	0.43
227	0.05	0.43
228	0.05	0.43
229	0.05	0.43
230	0.06	0.43
231	0.06	0.43
232	0.06	0.43
233	0.07	0.43
234	0.06	0.42
235	0.07	0.43
236	0.07	0.42
237	0.07	0.42
238	0.07	0.41
239	0.08	0.41
240	0.08	0.4
241	0.08	0.4
242	0.08	0.4
243	0.08	0.39
244	0.08	0.38
245	0.09	0.37
246	0.08	0.36
247	0.09	0.35
248	0.08	0.34
249	0.09	0.34
250	0.09	0.33
251	0.09	0.32
252	0.09	0.31
253	0.08	0.3
254	0.08	0.29
255	0.08	0.28
256	0.08	0.28
257	0.09	0.27
258	0.09	0.26
259	0.09	0.25
260	0.09	0.24
261	0.09	0.24
262	0.1	0.23
263	0.1	0.22
264	0.1	0.21
265	0.1	0.2
266	0.1	0.2
267	0.1	0.19
268	0.11	0.19
269	0.11	0.18
270	0.11	0.18
271	0.11	0.18
272	0.12	0.17
273	0.12	0.17
274	0.12	0.17
275	0.12	0.17
276	0.12	0.16
277	0.13	0.16
278	0.13	0.16
279	0.13	0.16
280	0.14	0.16
281	0.14	0.16
282	0.14	0.16
283	0.15	0.16
284	0.15	0.16
285	0.15	0.16
286	0.16	0.16
287	0.15	0.16
288	0.15	0.16
289	0.16	0.15
290	0.16	0.15
291	0.16	0.15
292	0.16	0.15
293	0.15	0.14
294	0.16	0.14
295	0.15	0.13
296	0.16	0.13
297	0.15	0.13
298	0.15	0.12
299	0.14	0.12
300	0.14	0.12
301	0.14	0.11
302	0.14	0.11
303	0.14	0.11
304	0.14	0.11
305	0.14	0.11
306	0.13	0.11
307	0.14	0.11
308	0.13	0.11
309	0.13	0.11
310	0.12	0.12
311	0.12	0.12
312	0.11	0.12
313	0.11	0.12
314	0.11	0.13
315	0.11	0.13
316	0.1	0.14
317	0.1	0.14
318	0.1	0.15
319	0.1	0.16
320	0.1	0.16
321	0.09	0.16
322	0.09	0.17
323	0.09	0.17
324	0.09	0.18
325	0.08	0.18
326	0.08	0.19
327	0.08	0.19
328	0.08	0.2
329	0.08	0.2
330	0.08	0.21
331	0.08	0.21
332	0.07	0.22
333	0.07	0.22
334	0.07	0.22
335	0.07	0.22
336	0.07	0.23
337	0.07	0.23
338	0.06	0.23
339	0.07	0.23
340	0.06	0.23
341	0.06	0.23
342	0.06	0.23
343	0.06	0.23
344	0.05	0.23
345	0.05	0.22
346	0.05	0.22
347	0.05	0.22
348	0.05	0.22
349	0.05	0.21
350	0.05	0.2
351	0.05	0.2
352	0.05	0.19
353	0.05	0.19
354	0.05	0.18
355	0.05	0.17
356	0.05	0.16
357	0.05	0.16
358	0.05	0.15
359	0.05	0.15
360	0.05	0.14
361	0.05	0.14
362	0.05	0.13
363	0.05	0.13
364	0.05	0.12
365	0.05	0.12
366	0.05	0.11
367	0.05	0.1
368	0.05	0.09
369	0.05	0.09
370	0.05	0.08
371	0.05	0.08
372	0.06	0.07
373	0.06	0.07
374	0.07	0.06
375	0.07	0.06
376	0.08	0.05
377	0.09	0.05
378	0.11	0.05
379	0.12	0.05
380	0.14	0.04
381	0.16	0.04
382	0.2	0.04
383	0.23	0.03
384	0.28	0.03
385	0.33	0.03
386	0.37	0.03
387	0.42	0.02
388	0.46	0.02
389	0.49	0.02
390	0.51	0.02
391	0.53	0.02
392	0.55	0.02
393	0.56	0.02
394	0.57	0.02
395	0.57	0.02
396	0.58	0.02
397	0.58	0.02
398	0.58	0.02
399	0.59	0.02
400	0.58	0.02
401	0.59	0.02
402	0.59	0.02
403	0.59	0.02
404	0.58	0.02
405	0.58	0.02
406	0.57	0.02
407	0.56	0.02
408	0.55	0.02
409	0.55	0.02
410	0.54	0.02
411	0.52	0.02
412	0.5	0.02
413	0.49	0.02
414	0.47	0.01
415	0.46	0.01
416	0.44	0.02
417	0.43	0.01
418	0.41	0.01
419	0.4	0.01
420	0.38	0.01
421	0.37	0.01
422	0.36	0.01
423	0.34	0.01
424	0.32	0.01
425	0.31	0.02
426	0.29	0.02
427	0.28	0.02
428	0.27	0.02
429	0.25	0.02
430	0.24	0.02
431	0.23	0.02
432	0.22	0.03
433	0.21	0.03
434	0.21	0.03
435	0.19	0.03
436	0.18	0.03
437	0.17	0.03
438	0.16	0.03
439	0.16	0.04
440	0.15	0.04
441	0.14	0.04
442	0.13	0.04
443	0.12	0.05
444	0.11	0.05
445	0.11	0.05
446	0.1	0.05
447	0.1	0.05
448	0.09	0.05
449	0.09	0.06
450	0.08	0.06
451	0.08	0.06
452	0.07	0.06
453	0.07	0.06
454	0.07	0.06
455	0.06	0.06
456	0.06	0.07
457	0.06	0.07
458	0.05	0.07
459	0.06	0.07
460	0.05	0.07
461	0.05	0.08
462	0.05	0.08
463	0.05	0.08
464	0.05	0.08
465	0.05	0.09
466	0.06	0.09
467	0.06	0.09
468	0.06	0.09
469	0.06	0.09
470	0.07	0.1
471	0.07	0.1
472	0.08	0.1
473	0.08	0.11
474	0.08	0.11
475	0.09	0.11
476	0.09	0.12
477	0.09	0.12
478	0.1	0.12
479	0.1	0.12
480	0.1	0.13
481	0.11	0.13
482	0.11	0.14
483	0.12	0.14
484	0.12	0.14
485	0.12	0.15
486	0.12	0.15
487	0.12	0.15
488	0.13	0.15
489	0.13	0.15
490	0.13	0.15
491	0.13	0.15
492	0.14	0.15
493	0.14	0.15
494	0.14	0.15
495	0.14	0.15
496	0.15	0.16
497	0.15	0.16
498	0.15	0.16
499	0.16	0.17
500	0.16	0.17
501	0.17	0.17
502	0.17	0.18
503	0.18	0.18
504	0.18	0.19
505	0.19	0.19
506	0.19	0.2
507	0.2	0.2
508	0.2	0.21
509	0.21	0.21
510	0.2	0.22
511	0.22	0.22
512	0.22	0.24
513	0.23	0.23
514	0.22	0.24
515	0.24	0.24
516	0.23	0.24
517	0.24	0.24
518	0.24	0.24
519	0.25	0.24
520	0.25	0.24
521	0.25	0.23
522	0.26	0.23
523	0.26	0.23
524	0.26	0.23
525	0.27	0.23
526	0.27	0.22
527	0.27	0.22
528	0.27	0.21
529	0.28	0.21
530	0.28	0.21
531	0.28	0.21
532	0.29	0.2
533	0.29	0.2
534	0.29	0.19
535	0.3	0.19
536	0.29	0.19
537	0.3	0.18
538	0.29	0.18
539	0.3	0.18
540	0.3	0.18
541	0.3	0.18
542	0.3	0.18
543	0.3	0.18
544	0.3	0.18
545	0.29	0.18
546	0.3	0.18
547	0.29	0.18
548	0.29	0.18
549	0.29	0.19
550	0.29	0.19
551	0.28	0.19
552	0.28	0.19
553	0.28	0.2
554	0.27	0.2
555	0.27	0.2
556	0.26	0.2
557	0.26	0.2
558	0.25	0.2
559	0.25	0.2
560	0.24	0.2
561	0.23	0.2
562	0.23	0.2
563	0.23	0.2
564	0.22	0.2
565	0.21	0.2
566	0.21	0.19
567	0.21	0.19
568	0.21	0.19
569	0.21	0.19
570	0.2	0.18
571	0.21	0.18
572	0.21	0.17
573	0.21	0.17
574	0.21	0.16
575	0.22	0.16
576	0.22	0.15
577	0.22	0.14
578	0.22	0.13
579	0.23	0.13
580	0.24	0.12
581	0.24	0.12
582	0.24	0.11
583	0.24	0.1
584	0.25	0.1
585	0.26	0.1
586	0.26	0.09
587	0.26	0.09
588	0.27	0.09
589	0.27	0.09
590	0.28	0.09
591	0.28	0.09
592	0.29	0.09
593	0.29	0.09
594	0.3	0.08
595	0.3	0.08
596	0.31	0.09
597	0.31	0.08
598	0.31	0.08
599	0.32	0.08
600	0.32	0.08
601	0.33	0.08
602	0.33	0.08
603	0.33	0.08
604	0.34	0.08
605	0.35	0.07
606	0.35	0.07
607	0.36	0.07
608	0.37	0.07
609	0.37	0.06
610	0.38	0.06
611	0.39	0.06
612	0.39	0.06
613	0.4	0.06
614	0.4	0.05
615	0.41	0.05
616	0.42	0.05
617	0.42	0.05
618	0.42	0.05
619	0.42	0.05
620	0.43	0.04
621	0.43	0.04
622	0.43	0.04
623	0.43	0.04
624	0.43	0.04
625	0.43	0.04
626	0.43	0.04
627	0.42	0.03
628	0.43	0.03
629	0.42	0.03
630	0.42	0.03
631	0.42	0.03
632	0.41	0.03
633	0.41	0.03
634	0.41	0.03
635	0.4	0.03
636	0.4	0.02
637	0.4	0.03
638	0.39	0.02
639	0.39	0.02
640	0.39	0.02
641	0.39	0.02
642	0.38	0.02
643	0.38	0.02
644	0.38	0.02
645	0.37	0.02
646	0.37	0.01
647	0.36	0.01
648	0.36	0.01
649	0.36	0.01
650	0.36	0.01
651	0.36	0.01
652	0.35	0.01
653	0.35	0.01
654	0.36	0.01
655	0.36	0.01
656	0.36	0.01
657	0.36	0.01
658	0.37	0.01
659	0.37	0.01
660	0.38	0.01
661	0.38	0.01
662	0.38	0.01
663	0.39	0.01
664	0.4	0.01
665	0.41	0.01
666	0.42	0.01
667	0.43	0.01
668	0.44	0.01
669	0.45	0.01
670	0.47	0.01
671	0.48	0.01
672	0.49	0.01
673	0.49	0.01
674	0.5	0.01
675	0.51	0.01
676	0.51	0.01
677	0.52	0.01
678	0.52	0.01
679	0.52	0.01
680	0.53	0.01
681	0.53	0.01
682	0.53	0.01
683	0.53	0.01
684	0.54	0.01
685	0.53	0.01
686	0.53	0.01
687	0.54	0.01
688	0.53	0.01
689	0.54	0.01
690	0.53	0.01
691	0.53	0.01
692	0.53	0.01
693	0.53	0.01
694	0.52	0.01
695	0.51	0.01
696	0.51	0.01
697	0.51	0.01
698	0.5	0.01
699	0.49	0.01
700	0.49	0.01
701	0.49	0.01
702	0.48	0.01
703	0.48	0.01
704	0.47	0.01
705	0.47	0
706	0.46	0
707	0.46	0
708	0.45	0
709	0.45	0
710	0.44	0
711	0.44	0
712	0.44	0
713	0.43	0
714	0.43	0
715	0.42	0
716	0.42	0
717	0.42	0
718	0.41	0
719	0.4	0
720	0.39	0
721	0.39	0
722	0.38	0
723	0.37	0
724	0.36	0
725	0.36	0
726	0.36	0
727	0.35	0
728	0.34	0
729	0.34	0
730	0.34	0
731	0.33	0
732	0.32	0
733	0.31	0
734	0.31	0
735	0.3	0
736	0.29	0
737	0.29	0
738	0.28	0
739	0.27	0
740	0.26	0
741	0.25	0
742	0.25	0
743	0.24	0
744	0.23	0
745	0.22	0
746	0.22	0
747	0.21	0
748	0.2	0
749	0.19	0
750	0.18	0
751	0.17	0
752	0.17	0
753	0.15	0
754	0.15	0
755	0.14	0
756	0.14	0
757	0.13	0
758	0.12	0
759	0.11	0
760	0.11	0
761	0.1	0
762	0.1	0
763	0.09	0
764	0.09	0
765	0.08	0
766	0.08	0
767	0.07	0
768	0.07	0
769	0.07	0
770	0.06	0
771	0.06	0
772	0.06	0
773	0.06	0
774	0.06	0
775	0.07	0
776	0.07	0
777	0.07	0
778	0.07	0
779	0.08	0
780	0.08	0
781	0.08	0
782	0.09	0
783	0.09	0
784	0.09	0
785	0.1	0
786	0.1	0
787	0.1	0
788	0.1	0
789	0.1	0
790	0.1	0
791	0.11	0
792	0.1	0
793	0.11	0
794	0.11	0
795	0.11	0
796	0.1	0
797	0.1	0
798	0.1	0
799	0.1	0
800	0.1	0
801	0.1	0
802	0.1	0
803	0.11	0
804	0.11	0
805	0.11	0
806	0.11	0
807	0.11	0
808	0.12	0
809	0.12	0
810	0.12	0
811	0.12	0
812	0.13	0.01
813	0.14	0.01
814	0.15	0.01
815	0.16	0.01
816	0.18	0.01
817	0.19	0.01
818	0.21	0.01
819	0.22	0.01
820	0.24	0.01
821	0.25	0.01
822	0.26	0.02
823	0.27	0.02
824	0.28	0.02
825	0.29	0.02
826	0.3	0.02
827	0.3	0.02
828	0.3	0.02
829	0.31	0.03
830	0.31	0.03
831	0.31	0.04
832	0.3	0.04
833	0.31	0.04
834	0.3	0.05
835	0.31	0.05
836	0.29	0.05
837	0.29	0.05
838	0.28	0.06
839	0.27	0.06
840	0.26	0.07
841	0.25	0.07
842	0.25	0.08
843	0.24	0.08
844	0.23	0.09
845	0.22	0.09
846	0.21	0.09
847	0.21	0.09
848	0.2	0.1
849	0.2	0.1
850	0.18	0.1
851	0.18	0.11
852	0.17	0.12
853	0.17	0.12
854	0.16	0.13
855	0.16	0.13
856	0.15	0.15
857	0.15	0.15
858	0.15	0.16
859	0.15	0.16
860	0.14	0.17
861	0.15	0.17
862	0.14	0.18
863	0.14	0.18
864	0.14	0.18
865	0.14	0.19
866	0.14	0.19
867	0.15	0.19
868	0.14	0.2
869	0.15	0.2
870	0.15	0.2
871	0.15	0.2
872	0.15	0.21
873	0.16	0.2
874	0.16	0.21
875	0.17	0.21
876	0.17	0.21
877	0.17	0.21
878	0.17	0.22
879	0.18	0.22
880	0.17	0.22
881	0.18	0.22
882	0.18	0.22
883	0.18	0.22
884	0.18	0.22
885	0.18	0.22
886	0.18	0.22
887	0.18	0.23
888	0.18	0.22
889	0.18	0.22
890	0.18	0.22
891	0.18	0.22
892	0.17	0.22
893	0.17	0.22
894	0.17	0.22
895	0.17	0.22
896	0.17	0.21
897	0.16	0.22
898	0.17	0.21
899	0.17	0.21
900	0.17	0.21
901	0.17	0.21
902	0.17	0.21
903	0.17	0.21
904	0.17	0.21
905	0.17	0.21
906	0.17	0.2
907	0.17	0.2
908	0.16	0.2
909	0.17	0.2
910	0.17	0.19
911	0.17	0.19
912	0.16	0.19
913	0.16	0.19
914	0.16	0.18
915	0.15	0.17
916	0.15	0.18
917	0.14	0.17
918	0.15	0.16
919	0.13	0.15
920	0.13	0.15
921	0.13	0.14
922	0.13	0.14
923	0.13	0.14
924	0.13	0.13
925	0.12	0.13
926	0.12	0.12
927	0.12	0.12
928	0.12	0.11
929	0.11	0.11
930	0.11	0.1
931	0.11	0.1
932	0.11	0.09
933	0.11	0.09
934	0.11	0.08
935	0.11	0.08
936	0.11	0.08
937	0.1	0.08
938	0.1	0.07
939	0.1	0.07
940	0.1	0.07
941	0.1	0.07
942	0.11	0.07
943	0.11	0.06
944	0.12	0.06
945	0.13	0.06
946	0.14	0.06
947	0.16	0.06
948	0.18	0.06
949	0.2	0.06
950	0.23	0.06
951	0.26	0.06
952	0.3	0.05
953	0.34	0.05
954	0.39	0.05
955	0.42	0.05
956	0.46	0.05
957	0.5	0.05
958	0.53	0.05
959	0.56	0.05
960	0.58	0.05
961	0.59	0.04
962	0.61	0.05
963	0.63	0.04
964	0.64	0.05
965	0.64	0.04
966	0.65	0.04
967	0.66	0.04
968	0.66	0.04
969	0.66	0.04
970	0.66	0.04
971	0.66	0.04
972	0.66	0.04
973	0.65	0.04
974	0.64	0.04
975	0.63	0.03
976	0.61	0.03
977	0.6	0.03
978	0.58	0.03
979	0.56	0.03
980	0.55	0.03
981	0.53	0.02
982	0.51	0.02
983	0.49	0.02
984	0.47	0.02
985	0.45	0.02
986	0.43	0.02
987	0.41	0.02
988	0.39	0.02
989	0.37	0.02
990	0.36	0.02
991	0.34	0.01
992	0.33	0.01
993	0.32	0.02
994	0.31	0.02
995	0.29	0.02
996	0.29	0.02
997	0.28	0.01
998	0.27	0.02
999	0.26	0.02
1000	0.26	0.02
1001	0.25	0.01
1002	0.25	0.02
1003	0.23	0.02
1004	0.23	0.02
1005	0.23	0.02
1006	0.22	0.01
1007	0.21	0.02
1008	0.2	0.02
1009	0.2	0.01
1010	0.19	0.01
1011	0.18	0.01
1012	0.18	0.01
1013	0.17	0.01
1014	0.17	0.02
1015	0.16	0.01
1016	0.16	0.01
1017	0.15	0.02
1018	0.16	0.02
1019	0.15	0.02
1020	0.15	0.02
1021	0.14	0.02
1022	0.14	0.02
1023	0.14	0.02
1024	0.14	0.02
1025	0.14	0.02
1026	0.13	0.02
1027	0.13	0.02
1028	0.13	0.03
1029	0.13	0.03
1030	0.13	0.03
1031	0.13	0.03
1032	0.13	0.03
1033	0.13	0.03
1034	0.12	0.03
1035	0.12	0.03
1036	0.12	0.03
1037	0.12	0.03
1038	0.11	0.03
1039	0.11	0.03
1040	0.11	0.03
1041	0.11	0.02
1042	0.1	0.03
1043	0.1	0.02
1044	0.1	0.02
1045	0.1	0.02
1046	0.09	0.02
1047	0.09	0.02
1048	0.08	0.02
1049	0.09	0.02
1050	0.08	0.02
1051	0.08	0.02
1052	0.08	0.01
1053	0.08	0.01
1054	0.08	0.01
1055	0.08	0.01
1056	0.08	0.01
1057	0.08	0.01
1058	0.08	0.01
1059	0.08	0.01
1060	0.07	0.01
1061	0.07	0.01
1062	0.07	0.01
1063	0.07	0.01
1064	0.07	0.01
1065	0.07	0.01
1066	0.08	0.01
1067	0.08	0.01
1068	0.08	0.01
1069	0.08	0.01
1070	0.09	0.01
1071	0.1	0.01
1072	0.1	0.01
1073	0.11	0.01
1074	0.13	0.01
1075	0.14	0.01
1076	0.16	0.01
1077	0.18	0.01
1078	0.21	0.01
1079	0.24	0.01
1080	0.27	0.01
1081	0.31	0.01
1082	0.34	0.01
1083	0.37	0.01
1084	0.41	0.01
1085	0.44	0.01
1086	0.46	0.01
1087	0.48	0.01
1088	0.49	0.01
1089	0.51	0.01
1090	0.52	0.01
1091	0.53	0.01
1092	0.53	0.01
1093	0.54	0.01
1094	0.54	0.01
1095	0.55	0
1096	0.55	0.01
1097	0.55	0.01
1098	0.55	0
1099	0.55	0
1100	0.55	0
1101	0.55	0
1102	0.55	0
1103	0.54	0
1104	0.53	0
1105	0.53	0
1106	0.53	0
1107	0.52	0
1108	0.51	0
1109	0.51	0
1110	0.51	0
1111	0.5	0
1112	0.5	0
1113	0.49	0
1114	0.48	0
1115	0.48	0
1116	0.47	0
1117	0.46	0
1118	0.46	0
1119	0.45	0
1120	0.44	0
1121	0.44	0
1122	0.43	0
1123	0.43	0
1124	0.43	0
1125	0.43	0
1126	0.43	0
1127	0.44	0
1128	0.43	0
1129	0.44	0
1130	0.44	0
1131	0.44	0
1132	0.44	0
1133	0.44	0
1134	0.44	0
1135	0.44	0
1136	0.45	0
1137	0.45	0
1138	0.45	0
1139	0.45	0
1140	0.45	0
1141	0.45	0
1142	0.45	0
1143	0.45	0
1144	0.44	0
1145	0.44	0
1146	0.43	0
1147	0.42	0
1148	0.41	0.01
1149	0.4	0.01
1150	0.38	0.01
1151	0.38	0.01
1152	0.37	0.01
1153	0.35	0.01
1154	0.34	0.01
1155	0.33	0.01
1156	0.31	0.01
1157	0.3	0.01
1158	0.29	0.01
1159	0.28	0.01
1160	0.27	0.01
1161	0.25	0.01
1162	0.24	0.01
1163	0.23	0.02
1164	0.22	0.02
1165	0.21	0.02
1166	0.21	0.02
1167	0.2	0.02
1168	0.19	0.03
1169	0.18	0.03
1170	0.17	0.04
1171	0.17	0.04
1172	0.16	0.04
1173	0.15	0.05
1174	0.15	0.05
1175	0.14	0.05
1176	0.13	0.05
1177	0.13	0.06
1178	0.13	0.06
1179	0.12	0.06
1180	0.12	0.06
1181	0.12	0.06
1182	0.11	0.06
1183	0.11	0.06
1184	0.11	0.06
1185	0.11	0.06
1186	0.11	0.06
1187	0.11	0.06
1188	0.11	0.06
1189	0.11	0.06
1190	0.11	0.06
1191	0.11	0.06
1192	0.11	0.06
1193	0.12	0.05
1194	0.12	0.05
1195	0.12	0.05
1196	0.13	0.05
1197	0.13	0.05
1198	0.13	0.05
1199	0.14	0.05
1200	0.14	0.05
1201	0.14	0.05
1202	0.14	0.05
1203	0.14	0.05
1204	0.14	0.05
1205	0.14	0.05
1206	0.14	0.05
1207	0.14	0.05
1208	0.14	0.05
1209	0.14	0.05
1210	0.14	0.05
1211	0.14	0.05
1212	0.14	0.05
1213	0.15	0.05
1214	0.14	0.05
1215	0.14	0.06
1216	0.14	0.06
1217	0.14	0.06
1218	0.14	0.06
1219	0.14	0.07
1220	0.14	0.07
1221	0.14	0.07
1222	0.14	0.07
1223	0.14	0.08
1224	0.14	0.08
1225	0.14	0.08
1226	0.14	0.08
1227	0.14	0.08
1228	0.14	0.08
1229	0.14	0.08
1230	0.15	0.08
1231	0.15	0.08
1232	0.15	0.09
1233	0.15	0.08
1234	0.15	0.09
1235	0.15	0.09
1236	0.16	0.08
1237	0.16	0.08
1238	0.17	0.08
1239	0.17	0.08
1240	0.18	0.08
1241	0.2	0.07
1242	0.21	0.07
1243	0.22	0.07
1244	0.24	0.07
1245	0.26	0.06
1246	0.28	0.06
1247	0.29	0.06
1248	0.3	0.06
1249	0.32	0.06
1250	0.34	0.06
1251	0.35	0.05
1252	0.36	0.05
1253	0.38	0.05
1254	0.39	0.05
1255	0.4	0.05
1256	0.42	0.05
1257	0.43	0.05
1258	0.44	0.05
1259	0.45	0.05
1260	0.45	0.05
1261	0.46	0.05
1262	0.47	0.05
1263	0.47	0.05
1264	0.47	0.05
1265	0.46	0.05
1266	0.46	0.05
1267	0.46	0.05
1268	0.46	0.05
1269	0.45	0.05
1270	0.46	0.05
1271	0.45	0.05
1272	0.45	0.05
1273	0.44	0.05
1274	0.44	0.04
1275	0.44	0.04
1276	0.44	0.04
1277	0.43	0.04
1278	0.43	0.04
1279	0.43	0.04
1280	0.42	0.04
1281	0.42	0.04
1282	0.42	0.04
1283	0.41	0.04
1284	0.41	0.04
1285	0.41	0.04
1286	0.41	0.04
1287	0.4	0.04
1288	0.39	0.04
1289	0.39	0.03
1290	0.38	0.04
1291	0.37	0.03
1292	0.36	0.03
1293	0.35	0.03
1294	0.35	0.04
1295	0.34	0.03
1296	0.33	0.03
1297	0.31	0.03
1298	0.3	0.03
1299	0.29	0.03
1300	0.27	0.03
1301	0.26	0.03
1302	0.25	0.03
1303	0.24	0.03
1304	0.24	0.03
1305	0.22	0.04
1306	0.22	0.04
1307	0.2	0.04
1308	0.2	0.04
1309	0.2	0.04
1310	0.19	0.04
1311	0.18	0.04
1312	0.18	0.04
1313	0.17	0.04
1314	0.17	0.04
1315	0.16	0.04
1316	0.15	0.04
1317	0.15	0.04
1318	0.14	0.04
1319	0.14	0.04
1320	0.13	0.04
1321	0.12	0.04
1322	0.13	0.04
1323	0.12	0.04
1324	0.12	0.04
1325	0.11	0.04
1326	0.11	0.04
1327	0.11	0.04
1328	0.11	0.03
1329	0.12	0.03
1330	0.12	0.03
1331	0.13	0.03
1332	0.14	0.03
1333	0.16	0.02
1334	0.18	0.02
1335	0.19	0.02
1336	0.21	0.02
1337	0.23	0.02
1338	0.25	0.01
1339	0.27	0.01
1340	0.28	0.01
1341	0.29	0.01
1342	0.3	0.01
1343	0.31	0.01
1344	0.32	0.01
1345	0.33	0.01
1346	0.34	0.01
1347	0.35	0.01
1348	0.35	0.01
1349	0.36	0.01
1350	0.37	0.01
1351	0.38	0.01
1352	0.39	0.01
1353	0.39	0.01
1354	0.39	0.01
1355	0.39	0.01
1356	0.39	0.01
1357	0.39	0.01
1358	0.39	0.01
1359	0.38	0.01
1360	0.38	0.01
1361	0.37	0.01
1362	0.38	0.01
1363	0.37	0.01
1364	0.37	0.01
1365	0.37	0.01
1366	0.37	0.01
1367	0.36	0.01
1368	0.36	0.01
1369	0.36	0.01
1370	0.36	0.01
1371	0.35	0.01
1372	0.35	0.01
1373	0.35	0.01
1374	0.35	0.01
1375	0.34	0.01
1376	0.34	0.01
1377	0.34	0.01
1378	0.33	0.01
1379	0.34	0.01
1380	0.34	0.01
1381	0.34	0.02
1382	0.33	0.02
1383	0.33	0.02
1384	0.32	0.02
1385	0.33	0.02
1386	0.32	0.02
1387	0.32	0.02
1388	0.31	0.02
1389	0.31	0.02
1390	0.31	0.02
1391	0.31	0.02
1392	0.3	0.02
1393	0.3	0.02
1394	0.3	0.02
1395	0.29	0.02
1396	0.29	0.02
1397	0.28	0.02
1398	0.28	0.03
1399	0.27	0.02
1400	0.26	0.03
1401	0.25	0.02
1402	0.25	0.02
1403	0.24	0.03
1404	0.23	0.03
1405	0.23	0.03
1406	0.22	0.03
1407	0.21	0.03
1408	0.2	0.03
1409	0.2	0.03
1410	0.2	0.03
1411	0.19	0.03
1412	0.19	0.03
1413	0.18	0.03
1414	0.18	0.03
1415	0.17	0.03
1416	0.17	0.04
1417	0.17	0.04
1418	0.17	0.04
1419	0.16	0.04
1420	0.16	0.04
1421	0.16	0.05
1422	0.16	0.05
1423	0.15	0.05
1424	0.15	0.05
1425	0.14	0.05
1426	0.14	0.05
1427	0.14	0.05
1428	0.14	0.05
1429	0.13	0.05
1430	0.13	0.05
1431	0.13	0.05
1432	0.13	0.05
1433	0.13	0.05
1434	0.13	0.05
1435	0.13	0.05
1436	0.13	0.05
1437	0.13	0.05
1438	0.13	0.05
1439	0.13	0.05
1440	0.12	0.05
1441	0.13	0.05
1442	0.12	0.05
1443	0.13	0.04
1444	0.12	0.05
1445	0.12	0.04
1446	0.12	0.05
1447	0.12	0.05
1448	0.12	0.05
1449	0.12	0.05
1450	0.12	0.05
1451	0.12	0.05
1452	0.12	0.05
1453	0.12	0.05
1454	0.12	0.06
1455	0.12	0.06
1456	0.12	0.06
1457	0.12	0.06
1458	0.12	0.06
1459	0.12	0.06
1460	0.12	0.07
1461	0.12	0.07
1462	0.11	0.07
1463	0.11	0.07
1464	0.11	0.08
1465	0.12	0.08
1466	0.11	0.08
1467	0.11	0.08
1468	0.11	0.09
1469	0.11	0.09
1470	0.1	0.09
1471	0.11	0.1
1472	0.1	0.1
1473	0.1	0.1
1474	0.1	0.11
1475	0.11	0.11
1476	0.11	0.12
1477	0.11	0.12
1478	0.11	0.12
1479	0.11	0.13
1480	0.11	0.13
1481	0.1	0.14
1482	0.1	0.14
1483	0.1	0.15
1484	0.1	0.15
1485	0.09	0.15
1486	0.09	0.16
1487	0.09	0.16
1488	0.09	0.17
1489	0.09	0.17
1490	0.08	0.18
1491	0.08	0.18
1492	0.08	0.19
1493	0.08	0.19
1494	0.08	0.19
1495	0.08	0.2
1496	0.08	0.2
1497	0.08	0.2
1498	0.08	0.2
1499	0.09	0.2
1500	0.09	0.21
1501	0.09	0.21
1502	0.1	0.21
1503	0.1	0.22
1504	0.11	0.21
1505	0.11	0.22
1506	0.11	0.22
1507	0.12	0.22
1508	0.12	0.22
1509	0.12	0.22
1510	0.12	0.22
1511	0.12	0.22
1512	0.13	0.22
1513	0.13	0.22
1514	0.13	0.22
1515	0.13	0.21
1516	0.13	0.21
1517	0.13	0.21
1518	0.13	0.21
1519	0.13	0.2
1520	0.13	0.2
1521	0.14	0.19
1522	0.13	0.19
1523	0.14	0.18
1524	0.14	0.18
1525	0.14	0.17
1526	0.14	0.17
1527	0.14	0.16
1528	0.14	0.16
1529	0.14	0.15
1530	0.14	0.15
1531	0.14	0.14
1532	0.14	0.14
1533	0.14	0.14
1534	0.14	0.13
1535	0.13	0.13
1536	0.14	0.13
1537	0.14	0.13
1538	0.14	0.12
1539	0.13	0.12
1540	0.13	0.12
1541	0.13	0.12
1542	0.13	0.12
1543	0.13	0.12
1544	0.13	0.12
1545	0.13	0.12
1546	0.12	0.12
1547	0.12	0.12
1548	0.12	0.12
1549	0.12	0.12
1550	0.11	0.13
1551	0.11	0.13
1552	0.11	0.13
1553	0.11	0.13
1554	0.1	0.14
1555	0.1	0.14
1556	0.09	0.14
1557	0.1	0.13
1558	0.09	0.14
1559	0.09	0.14
1560	0.08	0.14
1561	0.09	0.14
1562	0.08	0.15
1563	0.08	0.15
1564	0.07	0.15
1565	0.07	0.16
1566	0.07	0.16
1567	0.06	0.16
1568	0.06	0.16
1569	0.06	0.16
1570	0.06	0.17
1571	0.06	0.17
1572	0.06	0.17
1573	0.06	0.17
1574	0.05	0.18
1575	0.05	0.18
1576	0.05	0.18
1577	0.05	0.18
1578	0.05	0.19
1579	0.05	0.18
1580	0.05	0.18
1581	0.05	0.18
1582	0.04	0.18
1583	0.05	0.18
1584	0.04	0.18
1585	0.04	0.18
1586	0.04	0.18
1587	0.05	0.18
1588	0.04	0.17
1589	0.04	0.17
1590	0.05	0.17
1591	0.05	0.17
1592	0.05	0.17
1593	0.05	0.16
1594	0.05	0.16
1595	0.06	0.16
1596	0.07	0.15
1597	0.08	0.14
1598	0.09	0.14
1599	0.11	0.13
1600	0.12	0.12
1601	0.15	0.12
1602	0.17	0.11
1603	0.2	0.1
1604	0.23	0.1
1605	0.25	0.09
1606	0.27	0.09
1607	0.29	0.09
1608	0.31	0.08
1609	0.32	0.08
1610	0.33	0.08
1611	0.35	0.08
1612	0.35	0.08
1613	0.36	0.07
1614	0.37	0.07
1615	0.37	0.07
1616	0.37	0.07
1617	0.37	0.06
1618	0.37	0.06
1619	0.37	0.06
1620	0.38	0.06
1621	0.38	0.05
1622	0.37	0.05
1623	0.37	0.05
1624	0.37	0.04
1625	0.37	0.04
1626	0.36	0.04
1627	0.36	0.04
1628	0.35	0.04
1629	0.35	0.03
1630	0.34	0.03
1631	0.34	0.03
1632	0.33	0.03
1633	0.32	0.02
1634	0.32	0.02
1635	0.31	0.02
1636	0.3	0.02
1637	0.29	0.02
1638	0.28	0.02
1639	0.28	0.02
1640	0.27	0.02
1641	0.26	0.02
1642	0.25	0.02
1643	0.25	0.02
1644	0.24	0.02
1645	0.24	0.02
1646	0.23	0.03
1647	0.22	0.03
1648	0.22	0.03
1649	0.21	0.03
1650	0.21	0.03
1651	0.21	0.04
1652	0.2	0.04
1653	0.19	0.05
1654	0.18	0.05
1655	0.18	0.05
1656	0.17	0.06
1657	0.16	0.07
1658	0.15	0.07
1659	0.15	0.08
1660	0.14	0.09
1661	0.13	0.1
1662	0.13	0.11
1663	0.12	0.12
1664	0.12	0.13
1665	0.11	0.14
1666	0.1	0.15
1667	0.1	0.16
1668	0.1	0.17
1669	0.09	0.18
1670	0.09	0.19
1671	0.09	0.21
1672	0.08	0.21
1673	0.08	0.22
1674	0.08	0.22
1675	0.08	0.23
1676	0.07	0.23
1677	0.07	0.25
1678	0.07	0.25
1679	0.06	0.26
1680	0.06	0.26
1681	0.06	0.27
1682	0.06	0.27
1683	0.06	0.28
1684	0.06	0.28
1685	0.06	0.28
1686	0.06	0.27
1687	0.06	0.27
1688	0.06	0.27
1689	0.06	0.26
1690	0.07	0.25
1691	0.07	0.24
1692	0.07	0.24
1693	0.08	0.23
1694	0.08	0.21
1695	0.08	0.2
1696	0.09	0.19
1697	0.09	0.18
1698	0.1	0.16
1699	0.1	0.15
1700	0.11	0.14
1701	0.11	0.13
1702	0.11	0.12
1703	0.12	0.1
1704	0.12	0.1
1705	0.12	0.09
1706	0.13	0.09
1707	0.13	0.08
1708	0.13	0.08
1709	0.13	0.08
1710	0.14	0.08
1711	0.14	0.08
1712	0.14	0.08
1713	0.14	0.07
1714	0.14	0.07
1715	0.14	0.07
1716	0.14	0.07
1717	0.13	0.07
1718	0.13	0.07
1719	0.13	0.07
1720	0.13	0.07
1721	0.13	0.07
1722	0.13	0.07
1723	0.12	0.07
1724	0.12	0.07
1725	0.12	0.07
1726	0.11	0.07
1727	0.11	0.07
1728	0.11	0.07
1729	0.1	0.07
1730	0.1	0.07
1731	0.1	0.08
1732	0.1	0.08
1733	0.1	0.08
1734	0.1	0.08
1735	0.09	0.08
1736	0.09	0.08
1737	0.09	0.08
1738	0.1	0.09
1739	0.09	0.08
1740	0.1	0.08
1741	0.09	0.09
1742	0.1	0.09
1743	0.1	0.08
1744	0.11	0.08
1745	0.11	0.08
1746	0.11	0.08
1747	0.12	0.08
1748	0.12	0.08
1749	0.13	0.07
1750	0.13	0.07
1751	0.14	0.07
1752	0.15	0.07
1753	0.16	0.06
1754	0.17	0.06
1755	0.18	0.06
1756	0.19	0.06
1757	0.2	0.05
1758	0.21	0.05
1759	0.21	0.05
1760	0.22	0.05
1761	0.22	0.05
1762	0.22	0.05
1763	0.22	0.04
1764	0.23	0.05
1765	0.23	0.04
1766	0.23	0.04
1767	0.23	0.04
1768	0.23	0.04
1769	0.23	0.04
1770	0.23	0.04
1771	0.23	0.04
1772	0.23	0.04
1773	0.23	0.03
1774	0.23	0.04
1775	0.24	0.03
1776	0.24	0.03
1777	0.24	0.03
1778	0.25	0.03
1779	0.25	0.04
1780	0.26	0.04
1781	0.27	0.04
1782	0.27	0.04
1783	0.28	0.04
1784	0.29	0.04
1785	0.3	0.04
1786	0.3	0.04
1787	0.31	0.04
1788	0.31	0.03
1789	0.31	0.03
1790	0.32	0.03
1791	0.32	0.03
1792	0.32	0.03
1793	0.32	0.02
1794	0.32	0.02
1795	0.32	0.02
1796	0.32	0.02
1797	0.32	0.02
1798	0.31	0.02
1799	0.31	0.02
1800	0.3	0.02
1801	0.3	0.02
1802	0.3	0.01
1803	0.29	0.01
1804	0.28	0.01
1805	0.28	0.01
1806	0.27	0.01
1807	0.27	0.01
1808	0.26	0.01
1809	0.26	0.01
1810	0.25	0.01
1811	0.25	0.01
1812	0.24	0.01
1813	0.24	0.01
1814	0.24	0.01
1815	0.23	0.01
1816	0.23	0.01
1817	0.23	0.01
1818	0.24	0.01
1819	0.24	0.01
1820	0.24	0.01
1821	0.25	0.01
1822	0.25	0.01
1823	0.26	0.01
1824	0.26	0.01
1825	0.27	0.01
1826	0.27	0.01
1827	0.28	0.01
1828	0.28	0.01
1829	0.29	0.01
1830	0.3	0.01
1831	0.32	0.01
1832	0.33	0.01
1833	0.34	0.01
1834	0.35	0.01
1835	0.36	0.02
1836	0.36	0.02
1837	0.37	0.02
1838	0.37	0.02
1839	0.36	0.02
1840	0.36	0.02
1841	0.35	0.03
1842	0.35	0.03
1843	0.34	0.03
1844	0.32	0.03
1845	0.32	0.04
1846	0.31	0.04
1847	0.3	0.04
1848	0.29	0.05
1849	0.27	0.05
1850	0.26	0.05
1851	0.25	0.05
1852	0.24	0.06
1853	0.22	0.06
1854	0.21	0.06
1855	0.19	0.07
1856	0.18	0.08
1857	0.17	0.08
1858	0.15	0.09
1859	0.14	0.09
1860	0.13	0.09
1861	0.12	0.1
1862	0.11	0.1
1863	0.1	0.11
1864	0.09	0.11
1865	0.09	0.12
1866	0.08	0.12
1867	0.08	0.12
1868	0.07	0.13
1869	0.07	0.13
1870	0.07	0.14
1871	0.06	0.14
1872	0.06	0.15
1873	0.06	0.15
1874	0.06	0.15
1875	0.05	0.16
1876	0.05	0.16
1877	0.05	0.17
1878	0.05	0.17
1879	0.05	0.17
1880	0.04	0.18
1881	0.04	0.18
1882	0.04	0.19
1883	0.04	0.19
1884	0.04	0.2
1885	0.04	0.2
1886	0.04	0.2
1887	0.03	0.21
1888	0.03	0.21
1889	0.03	0.21
1890	0.03	0.21
1891	0.03	0.22
1892	0.03	0.21
1893	0.03	0.21
1894	0.03	0.21
1895	0.03	0.2
1896	0.03	0.2
1897	0.03	0.19
1898	0.03	0.19
1899	0.03	0.17
1900	0.03	0.16
1901	0.03	0.16
1902	0.03	0.14
1903	0.03	0.14
1904	0.03	0.12
1905	0.03	0.12
1906	0.03	0.11
1907	0.03	0.1
1908	0.03	0.09
1909	0.03	0.09
1910	0.03	0.08
1911	0.03	0.08
1912	0.03	0.07
1913	0.03	0.07
1914	0.03	0.07
1915	0.03	0.07
1916	0.03	0.07
1917	0.03	0.07
1918	0.03	0.07
1919	0.03	0.07
1920	0.03	0.07
1921	0.03	0.07
1922	0.03	0.07
1923	0.03	0.07
1924	0.03	0.08
1925	0.03	0.08
1926	0.03	0.08
1927	0.03	0.09
1928	0.03	0.09
1929	0.03	0.09
1930	0.03	0.09
1931	0.03	0.09
1932	0.03	0.1
1933	0.03	0.1
1934	0.04	0.1
1935	0.03	0.11
1936	0.04	0.11
1937	0.04	0.12
1938	0.04	0.12
1939	0.04	0.12
1940	0.04	0.12
1941	0.04	0.13
1942	0.04	0.13
1943	0.04	0.13
1944	0.04	0.13
1945	0.05	0.14
1946	0.05	0.14
1947	0.05	0.14
1948	0.05	0.13
1949	0.05	0.14
1950	0.05	0.14
1951	0.05	0.14
1952	0.05	0.14
1953	0.05	0.14
1954	0.05	0.14
1955	0.05	0.14
1956	0.05	0.14
1957	0.06	0.14
1958	0.06	0.14
1959	0.06	0.14
1960	0.06	0.14
1961	0.06	0.15
1962	0.06	0.15
1963	0.06	0.15
1964	0.07	0.16
1965	0.07	0.16
1966	0.07	0.17
1967	0.07	0.18
1968	0.08	0.18
1969	0.08	0.19
1970	0.08	0.19
1971	0.08	0.19
1972	0.08	0.2
1973	0.08	0.21
1974	0.09	0.21
1975	0.09	0.22
1976	0.09	0.23
1977	0.09	0.23
1978	0.09	0.24
1979	0.09	0.25
1980	0.09	0.25
1981	0.09	0.26
1982	0.09	0.26
1983	0.09	0.26
1984	0.09	0.27
1985	0.09	0.27
1986	0.1	0.27
1987	0.1	0.27
1988	0.1	0.27
1989	0.1	0.28
1990	0.11	0.27
1991	0.11	0.28
1992	0.11	0.28
1993	0.12	0.28
1994	0.12	0.28
1995	0.12	0.28
1996	0.12	0.28
1997	0.12	0.28
1998	0.12	0.29
1999	0.12	0.29
2000	0.12	0.29
2001	0.12	0.29
2002	0.11	0.3
2003	0.11	0.3
2004	0.1	0.3
2005	0.1	0.3
2006	0.1	0.3
2007	0.1	0.3
2008	0.09	0.3
2009	0.09	0.29
2010	0.08	0.29
2011	0.08	0.29
2012	0.08	0.28
2013	0.07	0.27
2014	0.07	0.26
2015	0.07	0.25
2016	0.07	0.24
2017	0.06	0.23
2018	0.06	0.22
2019	0.06	0.21
2020	0.05	0.2
2021	0.05	0.2
2022	0.05	0.2
2023	0.05	0.19
2024	0.04	0.19
2025	0.04	0.18
2026	0.04	0.17
2027	0.04	0.17
2028	0.04	0.16
2029	0.04	0.16
2030	0.04	0.15
2031	0.04	0.15
2032	0.04	0.14
2033	0.04	0.14
2034	0.04	0.14
2035	0.04	0.14
2036	0.04	0.14
2037	0.04	0.14
2038	0.05	0.15
2039	0.05	0.15
2040	0.05	0.15
2041	0.05	0.16
2042	0.05	0.16
2043	0.05	0.17
2044	0.05	0.18
2045	0.05	0.18
2046	0.05	0.19
2047	0.05	0.18
2048	0.05	0.19
2049	0.05	0.19
2050	0.05	0.19
2051	0.04	0.19
2052	0.04	0.19
2053	0.04	0.19
2054	0.04	0.19
2055	0.04	0.18
2056	0.05	0.19
2057	0.04	0.18
2058	0.04	0.18
2059	0.04	0.18
2060	0.05	0.18
2061	0.05	0.18
2062	0.05	0.18
2063	0.05	0.18
2064	0.05	0.18
2065	0.05	0.18
2066	0.05	0.18
2067	0.05	0.18
2068	0.05	0.19
2069	0.05	0.18
2070	0.05	0.19
2071	0.05	0.19
2072	0.05	0.19
2073	0.05	0.19
2074	0.06	0.19
2075	0.06	0.19
2076	0.06	0.19
2077	0.06	0.19
2078	0.06	0.19
2079	0.06	0.19
2080	0.06	0.19
2081	0.07	0.19
2082	0.07	0.2
2083	0.07	0.19
2084	0.07	0.19
2085	0.08	0.19
2086	0.08	0.19
2087	0.09	0.19
2088	0.09	0.19
2089	0.1	0.19
2090	0.1	0.19
2091	0.11	0.19
2092	0.11	0.19
2093	0.11	0.19
2094	0.12	0.19
2095	0.12	0.19
2096	0.13	0.19
2097	0.14	0.19
2098	0.14	0.2
2099	0.15	0.19
2100	0.16	0.2
2101	0.17	0.2
2102	0.18	0.21
2103	0.18	0.21
2104	0.19	0.21
2105	0.2	0.22
2106	0.21	0.22
2107	0.22	0.23
2108	0.23	0.24
2109	0.23	0.24
2110	0.24	0.25
2111	0.25	0.25
2112	0.26	0.26
2113	0.27	0.26
2114	0.29	0.27
2115	0.29	0.27
2116	0.3	0.28
2117	0.3	0.28
2118	0.31	0.28
2119	0.32	0.28
2120	0.32	0.29
2121	0.33	0.28
2122	0.34	0.27
2123	0.34	0.25
2124	0.34	0.25
2125	0.35	0.24
2126	0.35	0.22
2127	0.36	0.2
2128	0.37	0.19
2129	0.37	0.17
2130	0.38	0.15
2131	0.38	0.13
2132	0.39	0.12
2133	0.39	0.1
2134	0.39	0.09
2135	0.4	0.07
2136	0.4	0.07
2137	0.4	0.06
2138	0.4	0.05
2139	0.4	0.04
2140	0.41	0.04
2141	0.41	0.04
2142	0.41	0.03
2143	0.41	0.03
2144	0.42	0.03
2145	0.42	0.02
2146	0.42	0.02
2147	0.42	0.02
2148	0.42	0.02
2149	0.42	0.02
2150	0.41	0.02
2151	0.41	0.02
2152	0.41	0.02
2153	0.4	0.02
2154	0.4	0.02
2155	0.39	0.02
2156	0.39	0.02
2157	0.39	0.02
2158	0.38	0.02
2159	0.37	0.02
2160	0.36	0.02
2161	0.36	0.02
2162	0.35	0.02
2163	0.35	0.03
2164	0.34	0.02
2165	0.34	0.02
2166	0.34	0.02
2167	0.33	0.02
2168	0.32	0.02
2169	0.31	0.02
2170	0.3	0.02
2171	0.3	0.02
2172	0.29	0.02
2173	0.29	0.02
2174	0.28	0.02
2175	0.28	0.01
2176	0.27	0.01
2177	0.27	0.01
2178	0.26	0.01
2179	0.25	0.01
2180	0.25	0.01
2181	0.24	0.01
2182	0.23	0.02
2183	0.23	0.02
2184	0.22	0.02
2185	0.22	0.02
2186	0.21	0.02
2187	0.21	0.02
2188	0.21	0.02
2189	0.21	0.02
2190	0.2	0.02
2191	0.2	0.02
2192	0.19	0.02
2193	0.19	0.02
2194	0.19	0.02
2195	0.18	0.03
2196	0.18	0.03
2197	0.17	0.03
2198	0.17	0.03
2199	0.17	0.03
2200	0.16	0.03
2201	0.15	0.03
2202	0.15	0.03
2203	0.15	0.03
2204	0.14	0.03
2205	0.14	0.03
2206	0.14	0.03
2207	0.14	0.03
2208	0.14	0.03
2209	0.15	0.02
2210	0.15	0.03
2211	0.15	0.02
2212	0.16	0.02
2213	0.17	0.02
2214	0.18	0.02
2215	0.18	0.02
2216	0.18	0.02
2217	0.19	0.02
2218	0.2	0.02
2219	0.19	0.02
2220	0.2	0.02
2221	0.2	0.01
2222	0.2	0.02
2223	0.2	0.01
2224	0.2	0.01
2225	0.2	0.01
2226	0.2	0.01
2227	0.2	0.01
2228	0.19	0.01
2229	0.19	0.01
2230	0.19	0.01
2231	0.2	0.01
2232	0.2	0.01
2233	0.2	0.01
2234	0.21	0.01
2235	0.21	0.01
2236	0.21	0.01
2237	0.22	0.01
2238	0.22	0.01
2239	0.23	0.01
2240	0.23	0.01
2241	0.24	0.01
2242	0.24	0.01
2243	0.24	0.01
2244	0.25	0.01
2245	0.25	0.01
2246	0.25	0.01
2247	0.25	0.01
2248	0.25	0.01
2249	0.25	0.01
2250	0.26	0.01
2251	0.26	0.01
2252	0.26	0.01
2253	0.26	0.01
2254	0.27	0.01
2255	0.27	0.01
2256	0.27	0.01
2257	0.28	0
2258	0.28	0
2259	0.29	0
2260	0.29	0
2261	0.3	0
2262	0.3	0
2263	0.3	0
2264	0.3	0
2265	0.3	0
2266	0.3	0
2267	0.3	0
2268	0.29	0
2269	0.29	0
2270	0.29	0
2271	0.29	0
2272	0.28	0
2273	0.27	0
2274	0.26	0
2275	0.26	0
2276	0.25	0
2277	0.25	0.01
2278	0.23	0.01
2279	0.23	0.01
2280	0.22	0.01
2281	0.21	0.01
2282	0.21	0.01
2283	0.2	0.01
2284	0.19	0.01
2285	0.18	0.01
2286	0.18	0.01
2287	0.17	0.01
2288	0.17	0.02
2289	0.16	0.02
2290	0.15	0.02
2291	0.15	0.02
2292	0.14	0.03
2293	0.14	0.03
2294	0.13	0.04
2295	0.13	0.04
2296	0.12	0.04
2297	0.12	0.05
2298	0.11	0.06
2299	0.11	0.07
2300	0.1	0.07
2301	0.1	0.08
2302	0.1	0.08
2303	0.1	0.09
2304	0.09	0.1
2305	0.09	0.1
2306	0.09	0.1
2307	0.09	0.11
2308	0.08	0.11
2309	0.08	0.11
2310	0.08	0.11
2311	0.08	0.12
2312	0.08	0.12
2313	0.08	0.12
2314	0.08	0.12
2315	0.08	0.12
2316	0.08	0.12
2317	0.08	0.12
2318	0.08	0.12
2319	0.08	0.12
2320	0.08	0.12
2321	0.09	0.13
2322	0.09	0.12
2323	0.09	0.12
2324	0.08	0.12
2325	0.08	0.11
2326	0.09	0.11
2327	0.08	0.11
2328	0.09	0.1
2329	0.09	0.1
2330	0.09	0.1
2331	0.09	0.1
2332	0.09	0.09
2333	0.09	0.09
2334	0.1	0.09
2335	0.1	0.09
2336	0.11	0.09
2337	0.11	0.09
2338	0.11	0.09
2339	0.12	0.08
2340	0.12	0.08
2341	0.12	0.08
2342	0.12	0.08
2343	0.13	0.07
2344	0.13	0.07
2345	0.13	0.07
2346	0.14	0.07
2347	0.15	0.06
2348	0.16	0.06
2349	0.16	0.05
2350	0.17	0.05
2351	0.17	0.05
2352	0.19	0.05
2353	0.19	0.04
2354	0.2	0.04
2355	0.21	0.04
2356	0.21	0.03
2357	0.23	0.03
2358	0.24	0.03
2359	0.25	0.02
2360	0.26	0.02
2361	0.28	0.02
2362	0.29	0.02
2363	0.31	0.01
2364	0.33	0.01
2365	0.35	0.01
2366	0.37	0.01
2367	0.4	0.01
2368	0.42	0.01
2369	0.44	0.01
2370	0.46	0.01
2371	0.47	0.01
2372	0.49	0.01
2373	0.49	0.01
2374	0.5	0.01
2375	0.51	0.01
2376	0.52	0.01
2377	0.52	0.01
2378	0.53	0.01
2379	0.53	0.01
2380	0.53	0.01
2381	0.54	0.01
2382	0.54	0.01
2383	0.54	0.01
2384	0.54	0.01
2385	0.54	0.01
2386	0.54	0.01
2387	0.54	0
2388	0.53	0.01
2389	0.53	0
2390	0.54	0.01
2391	0.54	0
2392	0.53	0
2393	0.53	0
2394	0.53	0
2395	0.53	0
2396	0.53	0
2397	0.52	0
2398	0.52	0
2399	0.52	0
2400	0.51	0
2401	0.5	0
2402	0.49	0
2403	0.48	0
2404	0.47	0
2405	0.46	0
2406	0.45	0
2407	0.44	0
2408	0.44	0
2409	0.43	0
2410	0.42	0
2411	0.42	0
2412	0.41	0.01
2413	0.4	0
2414	0.4	0.01
2415	0.39	0
2416	0.39	0.01
2417	0.39	0
2418	0.39	0.01
2419	0.39	0
2420	0.39	0.01
2421	0.4	0.01
2422	0.4	0.01
2423	0.4	0.01
2424	0.4	0.01
2425	0.4	0.01
2426	0.4	0
2427	0.4	0.01
2428	0.4	0
2429	0.39	0.01
2430	0.38	0
2431	0.38	0
2432	0.37	0
2433	0.37	0
2434	0.36	0
2435	0.36	0
2436	0.35	0
2437	0.35	0
2438	0.34	0
2439	0.33	0
2440	0.33	0
2441	0.32	0
2442	0.31	0
2443	0.31	0
2444	0.31	0
2445	0.31	0
2446	0.31	0
2447	0.31	0
2448	0.31	0
2449	0.32	0
2450	0.32	0
2451	0.33	0
2452	0.33	0
2453	0.33	0
2454	0.34	0
2455	0.34	0
2456	0.35	0
2457	0.36	0
2458	0.37	0
2459	0.38	0
2460	0.38	0
2461	0.39	0
2462	0.4	0
2463	0.4	0
2464	0.41	0
2465	0.42	0
2466	0.42	0
2467	0.43	0
2468	0.44	0
2469	0.44	0
2470	0.45	0
2471	0.45	0
2472	0.45	0
2473	0.45	0
2474	0.46	0
2475	0.46	0
2476	0.46	0
2477	0.47	0
2478	0.47	0
2479	0.47	0
2480	0.48	0
2481	0.48	0
2482	0.48	0
2483	0.49	0
2484	0.5	0
2485	0.5	0
2486	0.5	0
2487	0.51	0
2488	0.52	0
2489	0.52	0
2490	0.52	0
2491	0.53	0
2492	0.54	0
2493	0.54	0
2494	0.54	0
2495	0.55	0
2496	0.55	0
2497	0.55	0
2498	0.55	0
2499	0.55	0
2500	0.55	0
2501	0.55	0
2502	0.55	0
2503	0.55	0
2504	0.55	0
2505	0.55	0
2506	0.55	0
2507	0.56	0
2508	0.56	0
2509	0.55	0
2510	0.56	0
2511	0.56	0
2512	0.56	0
2513	0.55	0
2514	0.55	0
2515	0.54	0
2516	0.54	0
2517	0.53	0
2518	0.53	0
2519	0.52	0
2520	0.51	0
2521	0.5	0
2522	0.49	0
2523	0.48	0
2524	0.47	0
2525	0.45	0
2526	0.44	0
2527	0.44	0
2528	0.43	0
2529	0.42	0
2530	0.42	0
2531	0.42	0
2532	0.41	0
2533	0.41	0
2534	0.41	0
2535	0.41	0
2536	0.41	0
2537	0.41	0
2538	0.41	0
2539	0.42	0
2540	0.42	0
2541	0.42	0
2542	0.42	0
2543	0.43	0
2544	0.43	0
2545	0.43	0
2546	0.43	0
2547	0.43	0
2548	0.42	0
2549	0.42	0
2550	0.42	0
2551	0.42	0
2552	0.41	0
2553	0.42	0
2554	0.41	0
2555	0.41	0
2556	0.41	0
2557	0.41	0
2558	0.42	0
2559	0.42	0
2560	0.42	0
2561	0.41	0
2562	0.42	0
2563	0.41	0
2564	0.41	0
2565	0.41	0
2566	0.41	0
2567	0.4	0
2568	0.4	0
2569	0.4	0
2570	0.4	0
2571	0.39	0
2572	0.39	0
2573	0.39	0
2574	0.38	0
2575	0.38	0
2576	0.38	0
2577	0.38	0
2578	0.38	0
2579	0.37	0
2580	0.37	0
2581	0.37	0.01
2582	0.37	0.01
2583	0.36	0.01
2584	0.36	0.01
2585	0.36	0.01
2586	0.36	0.01
2587	0.35	0.01
2588	0.34	0.01
2589	0.34	0.01
2590	0.33	0.01
2591	0.33	0.01
2592	0.33	0.01
2593	0.32	0.01
2594	0.32	0.01
2595	0.31	0.01
2596	0.31	0.01
2597	0.31	0.01
2598	0.31	0.01
2599	0.3	0.01
2600	0.3	0.01
2601	0.3	0.01
2602	0.29	0.01
2603	0.29	0.02
2604	0.29	0.02
2605	0.28	0.02
2606	0.28	0.02
2607	0.28	0.02
2608	0.27	0.02
2609	0.27	0.02
2610	0.27	0.02
2611	0.27	0.02
2612	0.27	0.02
2613	0.27	0.02
2614	0.27	0.02
2615	0.27	0.02
2616	0.27	0.02
2617	0.28	0.02
2618	0.28	0.02
2619	0.27	0.02
2620	0.28	0.03
2621	0.28	0.03
2622	0.28	0.03
2623	0.27	0.03
2624	0.27	0.03
2625	0.27	0.03
2626	0.27	0.03
2627	0.27	0.03
2628	0.26	0.03
2629	0.26	0.03
2630	0.26	0.03
2631	0.25	0.03
2632	0.25	0.03
2633	0.25	0.03
2634	0.24	0.03
2635	0.24	0.03
2636	0.24	0.03
2637	0.24	0.03
2638	0.24	0.02
2639	0.24	0.03
2640	0.24	0.02
2641	0.23	0.02
2642	0.23	0.02
2643	0.23	0.02
2644	0.23	0.02
2645	0.22	0.02
2646	0.22	0.02
2647	0.21	0.02
2648	0.21	0.02
2649	0.2	0.02
2650	0.2	0.02
2651	0.19	0.02
2652	0.19	0.02
2653	0.18	0.02
2654	0.17	0.02
2655	0.17	0.02
2656	0.17	0.02
2657	0.16	0.02
2658	0.15	0.01
2659	0.15	0.01
2660	0.14	0.01
2661	0.14	0.01
2662	0.13	0.01
2663	0.13	0.01
2664	0.13	0.01
2665	0.12	0.01
2666	0.12	0.01
2667	0.12	0.01
2668	0.11	0.01
2669	0.11	0.01
2670	0.11	0.01
2671	0.11	0.01
2672	0.11	0.01
2673	0.11	0.01
2674	0.11	0.01
2675	0.11	0.01
2676	0.11	0.02
2677	0.11	0.01
2678	0.12	0.02
2679	0.13	0.01
2680	0.13	0.02
2681	0.14	0.01
2682	0.15	0.01
2683	0.16	0.01
2684	0.16	0.01
2685	0.17	0.01
2686	0.18	0.01
2687	0.19	0.01
2688	0.19	0.01
2689	0.2	0.01
2690	0.21	0.01
2691	0.21	0.01
2692	0.22	0.01
2693	0.23	0.01
2694	0.24	0.01
2695	0.25	0.01
2696	0.26	0.01
2697	0.27	0.01
2698	0.28	0
2699	0.29	0
2700	0.3	0
2701	0.31	0
2702	0.31	0
2703	0.32	0
2704	0.33	0
2705	0.33	0
2706	0.34	0
2707	0.34	0
2708	0.35	0
2709	0.35	0
2710	0.36	0
2711	0.36	0
2712	0.37	0
2713	0.38	0
2714	0.38	0
2715	0.39	0
2716	0.4	0
2717	0.41	0
2718	0.42	0
2719	0.43	0
2720	0.45	0
2721	0.47	0
2722	0.49	0
2723	0.51	0
2724	0.53	0
2725	0.55	0
2726	0.58	0
2727	0.59	0
2728	0.61	0
2729	0.63	0
2730	0.64	0
2731	0.65	0
2732	0.66	0
2733	0.66	0
2734	0.67	0
2735	0.67	0
2736	0.67	0
2737	0.67	0
2738	0.67	0
2739	0.67	0
2740	0.67	0
2741	0.66	0
2742	0.66	0
2743	0.66	0
2744	0.65	0
2745	0.65	0
2746	0.63	0
2747	0.63	0
2748	0.62	0
2749	0.61	0
2750	0.59	0
2751	0.58	0
2752	0.56	0
2753	0.55	0
2754	0.53	0
2755	0.51	0
2756	0.5	0
2757	0.48	0
2758	0.46	0
2759	0.44	0
2760	0.42	0
2761	0.4	0
2762	0.38	0
2763	0.35	0
2764	0.33	0
2765	0.31	0
2766	0.29	0
2767	0.27	0
2768	0.25	0
2769	0.23	0
2770	0.21	0
2771	0.2	0
2772	0.18	0
2773	0.17	0
2774	0.16	0
2775	0.15	0
2776	0.14	0
2777	0.13	0
2778	0.12	0
2779	0.11	0
2780	0.1	0
2781	0.1	0
2782	0.09	0
2783	0.08	0
2784	0.08	0
2785	0.07	0
2786	0.07	0
2787	0.06	0
2788	0.06	0
2789	0.06	0
2790	0.06	0
2791	0.06	0
2792	0.05	0
2793	0.05	0
2794	0.05	0
2795	0.05	0
2796	0.05	0
2797	0.04	0
2798	0.04	0
2799	0.04	0
2800	0.04	0
2801	0.04	0
2802	0.04	0
2803	0.04	0
2804	0.05	0
2805	0.05	0
2806	0.05	0
2807	0.06	0
2808	0.07	0
2809	0.07	0
2810	0.09	0
2811	0.09	0
2812	0.11	0
2813	0.12	0
2814	0.14	0
2815	0.16	0
2816	0.17	0
2817	0.2	0
2818	0.23	0
2819	0.25	0
2820	0.29	0
2821	0.32	0
2822	0.35	0
2823	0.38	0
2824	0.41	0
2825	0.43	0
2826	0.46	0
2827	0.47	0
2828	0.49	0
2829	0.51	0
2830	0.52	0
2831	0.53	0
2832	0.54	0
2833	0.54	0
2834	0.55	0
2835	0.55	0
2836	0.55	0
2837	0.56	0
2838	0.56	0
2839	0.56	0
2840	0.56	0
2841	0.56	0.01
2842	0.56	0.01
2843	0.56	0.01
2844	0.56	0.01
2845	0.55	0.01
2846	0.54	0.01
2847	0.54	0.01
2848	0.54	0.01
2849	0.53	0.01
2850	0.53	0.01
2851	0.51	0.02
2852	0.51	0.02
2853	0.5	0.02
2854	0.49	0.02
2855	0.48	0.02
2856	0.46	0.02
2857	0.45	0.02
2858	0.44	0.03
2859	0.43	0.03
2860	0.42	0.03
2861	0.4	0.03
2862	0.39	0.03
2863	0.37	0.03
2864	0.37	0.04
2865	0.35	0.04
2866	0.34	0.04
2867	0.33	0.04
2868	0.32	0.04
2869	0.3	0.05
2870	0.29	0.05
2871	0.28	0.05
2872	0.27	0.05
2873	0.26	0.05
2874	0.25	0.05
2875	0.24	0.05
2876	0.23	0.05
2877	0.22	0.05
2878	0.21	0.05
2879	0.21	0.05
2880	0.19	0.05
2881	0.19	0.05
2882	0.18	0.05
2883	0.18	0.05
2884	0.17	0.05
2885	0.16	0.05
2886	0.15	0.05
2887	0.15	0.04
2888	0.14	0.04
2889	0.14	0.04
2890	0.13	0.04
2891	0.13	0.04
2892	0.13	0.05
2893	0.12	0.04
2894	0.12	0.04
2895	0.11	0.04
2896	0.11	0.04
2897	0.11	0.04
2898	0.11	0.04
2899	0.1	0.04
2900	0.1	0.04
2901	0.1	0.04
2902	0.1	0.04
2903	0.1	0.04
2904	0.09	0.04
2905	0.09	0.04
2906	0.09	0.04
2907	0.09	0.04
2908	0.09	0.04
2909	0.08	0.05
2910	0.08	0.05
2911	0.08	0.05
2912	0.08	0.05
2913	0.07	0.05
2914	0.07	0.05
2915	0.06	0.05
2916	0.06	0.05
2917	0.06	0.05
2918	0.05	0.06
2919	0.05	0.05
2920	0.05	0.05
2921	0.05	0.05
2922	0.04	0.05
2923	0.04	0.05
2924	0.04	0.05
2925	0.04	0.05
2926	0.04	0.05
2927	0.04	0.04
2928	0.03	0.04
2929	0.03	0.04
2930	0.03	0.04
2931	0.03	0.03
2932	0.03	0.03
2933	0.03	0.03
2934	0.03	0.03
2935	0.03	0.03
2936	0.03	0.03
2937	0.03	0.03
2938	0.03	0.03
2939	0.03	0.03
2940	0.03	0.03
2941	0.03	0.03
2942	0.03	0.03
2943	0.03	0.03
2944	0.03	0.03
2945	0.03	0.03
2946	0.03	0.04
2947	0.03	0.04
2948	0.03	0.04
2949	0.03	0.04
2950	0.03	0.04
2951	0.03	0.04
2952	0.03	0.04
2953	0.03	0.04
2954	0.03	0.05
2955	0.03	0.05
2956	0.03	0.05
2957	0.03	0.05
2958	0.03	0.05
2959	0.03	0.05
2960	0.03	0.05
2961	0.03	0.05
2962	0.03	0.05
2963	0.03	0.05
2964	0.03	0.05
2965	0.03	0.05
2966	0.03	0.05
2967	0.03	0.06
2968	0.03	0.06
2969	0.04	0.06
2970	0.03	0.06
2971	0.04	0.07
2972	0.04	0.07
2973	0.04	0.08
2974	0.04	0.09
2975	0.05	0.1
2976	0.05	0.11
2977	0.05	0.12
2978	0.06	0.14
2979	0.06	0.15
2980	0.07	0.16
2981	0.07	0.18
2982	0.07	0.19
2983	0.08	0.21
2984	0.08	0.23
2985	0.08	0.24
2986	0.08	0.25
2987	0.07	0.27
2988	0.07	0.29
2989	0.07	0.3
2990	0.07	0.31
2991	0.06	0.34
2992	0.06	0.35
2993	0.06	0.37
2994	0.05	0.38
2995	0.05	0.4
2996	0.04	0.41
2997	0.04	0.43
2998	0.04	0.43
2999	0.04	0.44
3000	0.03	0.45
3001	0.03	0.45
3002	0.03	0.45
3003	0.03	0.44
3004	0.02	0.44
3005	0.02	0.43
3006	0.02	0.41
3007	0.02	0.4
3008	0.02	0.37
3009	0.02	0.36
3010	0.02	0.34
3011	0.02	0.31
3012	0.02	0.29
3013	0.02	0.26
3014	0.02	0.23
3015	0.02	0.21
3016	0.02	0.19
3017	0.02	0.17
3018	0.02	0.14
3019	0.02	0.12
3020	0.02	0.1
3021	0.02	0.09
3022	0.03	0.07
3023	0.03	0.06
3024	0.04	0.04
3025	0.04	0.03
3026	0.04	0.03
3027	0.05	0.02
3028	0.05	0.02
3029	0.06	0.01
3030	0.06	0.01
3031	0.06	0.01
3032	0.07	0.01
3033	0.07	0.01
3034	0.07	0.01
3035	0.08	0.01
3036	0.08	0
3037	0.09	0
3038	0.09	0
3039	0.09	0
3040	0.1	0
3041	0.1	0
3042	0.11	0
3043	0.11	0
3044	0.12	0
3045	0.12	0
3046	0.13	0
3047	0.13	0
3048	0.13	0
3049	0.14	0
3050	0.14	0
3051	0.15	0
3052	0.15	0
3053	0.15	0
3054	0.16	0
3055	0.16	0
3056	0.17	0
3057	0.18	0
3058	0.19	0
3059	0.2	0
3060	0.21	0
3061	0.22	0
3062	0.24	0
3063	0.26	0
3064	0.27	0
3065	0.3	0
3066	0.32	0
3067	0.34	0
3068	0.36	0
3069	0.38	0
3070	0.4	0
3071	0.42	0
3072	0.44	0
3073	0.46	0
3074	0.48	0
3075	0.5	0
3076	0.51	0
3077	0.53	0
3078	0.53	0
3079	0.54	0
3080	0.55	0
3081	0.55	0
3082	0.55	0
3083	0.54	0
3084	0.54	0
3085	0.54	0
3086	0.53	0
3087	0.53	0
3088	0.52	0
3089	0.51	0
3090	0.5	0
3091	0.49	0
3092	0.48	0
3093	0.47	0
3094	0.46	0
3095	0.45	0
3096	0.43	0
3097	0.42	0
3098	0.4	0
3099	0.39	0
3100	0.37	0
3101	0.36	0
3102	0.35	0
3103	0.34	0
3104	0.33	0
3105	0.32	0
3106	0.31	0
3107	0.3	0
3108	0.29	0
3109	0.28	0
3110	0.27	0
3111	0.26	0
3112	0.26	0
3113	0.25	0
3114	0.24	0
3115	0.24	0
3116	0.24	0
3117	0.24	0
3118	0.24	0
3119	0.23	0
3120	0.24	0
3121	0.25	0
3122	0.25	0
3123	0.25	0
3124	0.26	0
3125	0.26	0
3126	0.26	0
3127	0.27	0
3128	0.27	0
3129	0.28	0
3130	0.28	0
3131	0.29	0
3132	0.3	0
3133	0.31	0
3134	0.32	0
3135	0.33	0
3136	0.34	0
3137	0.34	0
3138	0.35	0
3139	0.36	0
3140	0.37	0
3141	0.37	0
3142	0.38	0
3143	0.38	0
3144	0.39	0
3145	0.39	0
3146	0.4	0
3147	0.4	0
3148	0.4	0
3149	0.41	0
3150	0.4	0
3151	0.4	0
3152	0.4	0
3153	0.4	0
3154	0.39	0
3155	0.39	0
3156	0.38	0
3157	0.38	0
3158	0.37	0
3159	0.37	0
3160	0.36	0
3161	0.36	0
3162	0.35	0
3163	0.34	0
3164	0.34	0
3165	0.34	0
3166	0.33	0
3167	0.32	0
3168	0.32	0
3169	0.32	0
3170	0.31	0
3171	0.31	0
3172	0.3	0
3173	0.3	0
3174	0.29	0
3175	0.29	0
3176	0.28	0
3177	0.28	0
3178	0.27	0
3179	0.28	0
3180	0.27	0
3181	0.27	0
3182	0.27	0
3183	0.27	0
3184	0.26	0
3185	0.26	0
3186	0.26	0
3187	0.26	0
3188	0.27	0
3189	0.27	0
3190	0.26	0
3191	0.27	0
3192	0.27	0
3193	0.27	0
3194	0.28	0
3195	0.29	0
3196	0.29	0
3197	0.3	0
3198	0.31	0
3199	0.32	0
3200	0.33	0
3201	0.35	0
3202	0.37	0
3203	0.38	0
3204	0.41	0
3205	0.43	0
3206	0.46	0
3207	0.48	0
3208	0.51	0
3209	0.53	0
3210	0.54	0
3211	0.56	0
3212	0.57	0
3213	0.59	0
3214	0.6	0
3215	0.6	0
3216	0.61	0
3217	0.61	0
3218	0.61	0
3219	0.61	0
3220	0.61	0
3221	0.61	0
3222	0.61	0
3223	0.6	0
3224	0.6	0
3225	0.6	0
3226	0.6	0
3227	0.59	0
3228	0.58	0
3229	0.57	0
3230	0.57	0
3231	0.56	0
3232	0.55	0
3233	0.55	0
3234	0.53	0
3235	0.52	0
3236	0.51	0
3237	0.5	0
3238	0.49	0
3239	0.48	0
3240	0.47	0
3241	0.45	0
3242	0.44	0
3243	0.43	0
3244	0.42	0
3245	0.41	0
3246	0.4	0
3247	0.4	0
3248	0.39	0
3249	0.39	0
3250	0.38	0
3251	0.38	0
3252	0.38	0
3253	0.38	0
3254	0.37	0
3255	0.37	0
3256	0.37	0
3257	0.37	0
3258	0.37	0
3259	0.37	0
3260	0.37	0
3261	0.37	0
3262	0.37	0
3263	0.36	0
3264	0.36	0
3265	0.35	0
3266	0.35	0
3267	0.35	0
3268	0.34	0
3269	0.34	0
3270	0.33	0
3271	0.33	0
3272	0.32	0
3273	0.32	0
3274	0.31	0
3275	0.31	0
3276	0.3	0
3277	0.3	0
3278	0.3	0
3279	0.29	0
3280	0.28	0
3281	0.28	0
3282	0.28	0
3283	0.27	0
3284	0.27	0
3285	0.27	0
3286	0.26	0
3287	0.26	0
3288	0.26	0
3289	0.26	0
3290	0.26	0
3291	0.26	0
3292	0.25	0
3293	0.26	0
3294	0.26	0
3295	0.26	0
3296	0.25	0
3297	0.25	0
3298	0.25	0
3299	0.26	0
3300	0.26	0
3301	0.26	0
3302	0.25	0
3303	0.26	0
3304	0.25	0
3305	0.25	0
3306	0.25	0
3307	0.24	0
3308	0.24	0
3309	0.24	0
3310	0.23	0
3311	0.23	0
3312	0.23	0
3313	0.22	0
3314	0.22	0
3315	0.22	0
3316	0.22	0
3317	0.23	0
3318	0.22	0
3319	0.22	0
3320	0.22	0
3321	0.22	0
3322	0.22	0
3323	0.21	0
3324	0.21	0
3325	0.2	0
3326	0.19	0
3327	0.18	0
3328	0.17	0
3329	0.16	0
3330	0.16	0
3331	0.14	0
3332	0.14	0
3333	0.13	0
3334	0.12	0
3335	0.11	0
3336	0.1	0
3337	0.1	0
3338	0.09	0
3339	0.08	0
3340	0.08	0
3341	0.08	0
3342	0.07	0
3343	0.07	0
3344	0.07	0
3345	0.07	0
3346	0.07	0
3347	0.07	0
3348	0.08	0
3349	0.08	0
3350	0.09	0
3351	0.1	0
3352	0.11	0
3353	0.11	0
3354	0.12	0
3355	0.14	0
3356	0.15	0
3357	0.16	0
3358	0.17	0
3359	0.18	0
3360	0.2	0
3361	0.2	0
3362	0.22	0
3363	0.23	0
3364	0.24	0
3365	0.24	0
3366	0.26	0
3367	0.26	0
3368	0.27	0
3369	0.27	0
3370	0.28	0
3371	0.29	0
3372	0.29	0
3373	0.29	0
3374	0.29	0
3375	0.29	0
3376	0.29	0
3377	0.29	0
3378	0.29	0
3379	0.29	0
3380	0.29	0
3381	0.28	0
3382	0.28	0
3383	0.28	0
3384	0.28	0
3385	0.27	0
3386	0.27	0
3387	0.26	0
3388	0.26	0
3389	0.26	0
3390	0.26	0
3391	0.26	0
3392	0.25	0
3393	0.25	0
3394	0.25	0
3395	0.25	0
3396	0.25	0
3397	0.25	0
3398	0.25	0
3399	0.25	0
3400	0.25	0
3401	0.26	0
3402	0.26	0
3403	0.26	0
3404	0.27	0
3405	0.28	0
3406	0.29	0
3407	0.3	0
3408	0.3	0
3409	0.31	0
3410	0.32	0
3411	0.33	0
3412	0.34	0
3413	0.36	0
3414	0.37	0
3415	0.38	0
3416	0.39	0
3417	0.39	0
3418	0.41	0
3419	0.42	0
3420	0.42	0
3421	0.42	0
3422	0.43	0
3423	0.43	0
3424	0.43	0
3425	0.42	0
3426	0.41	0
3427	0.4	0
3428	0.4	0
3429	0.39	0
3430	0.38	0
3431	0.36	0
3432	0.35	0
3433	0.33	0
3434	0.31	0
3435	0.29	0
3436	0.27	0
3437	0.25	0
3438	0.23	0
3439	0.21	0
3440	0.19	0
3441	0.18	0
3442	0.16	0
3443	0.15	0
3444	0.13	0
3445	0.13	0
3446	0.11	0
3447	0.11	0
3448	0.1	0
3449	0.09	0
3450	0.09	0
3451	0.08	0
3452	0.07	0
3453	0.07	0
3454	0.06	0
3455	0.06	0
3456	0.06	0
3457	0.06	0
3458	0.05	0
3459	0.05	0
3460	0.05	0
3461	0.05	0
3462	0.05	0
3463	0.05	0
3464	0.05	0
3465	0.04	0
3466	0.04	0
3467	0.04	0
3468	0.04	0
3469	0.04	0
3470	0.04	0
3471	0.04	0
3472	0.04	0
3473	0.04	0
3474	0.03	0
3475	0.04	0
3476	0.03	0
3477	0.04	0
3478	0.04	0
3479	0.04	0
3480	0.05	0
3481	0.05	0
3482	0.07	0
3483	0.09	0
3484	0.13	0
3485	0.18	0
3486	0.25	0
3487	0.34	0
3488	0.42	0
3489	0.5	0
3490	0.57	0
3491	0.62	0
3492	0.66	0
3493	0.69	0
3494	0.71	0
3495	0.73	0
3496	0.74	0
3497	0.75	0
3498	0.76	0
3499	0.77	0
3500	0.77	0
3501	0.78	0
3502	0.78	0
3503	0.78	0
3504	0.78	0
3505	0.78	0
3506	0.78	0
3507	0.79	0
3508	0.78	0
3509	0.78	0
3510	0.78	0
3511	0.78	0
3512	0.78	0
3513	0.78	0
3514	0.78	0
3515	0.77	0
3516	0.77	0
3517	0.76	0
3518	0.75	0
3519	0.74	0
3520	0.73	0
3521	0.71	0
3522	0.7	0
3523	0.69	0
3524	0.68	0
3525	0.66	0
3526	0.64	0
3527	0.63	0
3528	0.61	0
3529	0.59	0
3530	0.57	0
3531	0.56	0
3532	0.54	0
3533	0.52	0
3534	0.5	0
3535	0.48	0
3536	0.46	0
3537	0.43	0
3538	0.42	0
3539	0.39	0
3540	0.37	0
3541	0.36	0
3542	0.33	0
3543	0.31	0
3544	0.3	0
3545	0.28	0
3546	0.26	0
3547	0.25	0
3548	0.24	0
3549	0.22	0
3550	0.21	0.01
3551	0.19	0
3552	0.18	0
3553	0.17	0
3554	0.16	0.01
3555	0.15	0.01
3556	0.14	0.01
3557	0.13	0.01
3558	0.12	0.01
3559	0.11	0.01
3560	0.11	0.01
3561	0.1	0.01
3562	0.1	0.01
3563	0.09	0.01
3564	0.09	0.01
3565	0.08	0.01
3566	0.08	0.01
3567	0.07	0.01
3568	0.07	0.01
3569	0.07	0.01
3570	0.08	0.01
3571	0.08	0.01
3572	0.08	0.01
3573	0.09	0.01
3574	0.1	0.01
3575	0.12	0
3576	0.13	0
3577	0.16	0
3578	0.18	0
3579	0.21	0
3580	0.23	0
3581	0.26	0
3582	0.29	0
3583	0.31	0
3584	0.32	0
3585	0.34	0
3586	0.35	0
3587	0.37	0
3588	0.37	0.01
3589	0.38	0.01
3590	0.38	0.01
3591	0.39	0.01
3592	0.39	0.01
3593	0.39	0.01
3594	0.39	0.01
3595	0.39	0.01
3596	0.39	0.01
3597	0.39	0
3598	0.39	0.01
3599	0.38	0.01
3600	0.38	0.01
3601	0.37	0.01
3602	0.36	0.01
3603	0.36	0.01
3604	0.34	0.01
3605	0.34	0.01
3606	0.33	0.01
3607	0.32	0.01
3608	0.31	0.01
3609	0.3	0.01
3610	0.3	0.01
3611	0.29	0.01
3612	0.28	0.01
3613	0.28	0.01
3614	0.27	0.01
3615	0.26	0.01
3616	0.26	0.01
3617	0.26	0.01
3618	0.25	0.01
3619	0.24	0.01
3620	0.24	0.01
3621	0.23	0.01
3622	0.23	0.01
3623	0.22	0.01
3624	0.22	0.01
3625	0.21	0.01
3626	0.21	0.01
3627	0.2	0.01
3628	0.2	0.01
3629	0.19	0.01
3630	0.19	0.01
3631	0.18	0.01
3632	0.17	0.01
3633	0.16	0.01
3634	0.15	0.01
3635	0.14	0.01
3636	0.14	0.01
3637	0.13	0.01
3638	0.12	0.01
3639	0.11	0.01
3640	0.1	0.01
3641	0.1	0.01
3642	0.09	0.01
3643	0.08	0.01
3644	0.08	0.01
3645	0.07	0.01
3646	0.07	0.01
3647	0.06	0.01
3648	0.06	0.01
3649	0.05	0.01
3650	0.05	0.01
3651	0.05	0.02
3652	0.05	0.02
3653	0.04	0.02
3654	0.04	0.02
3655	0.04	0.02
3656	0.04	0.02
3657	0.04	0.02
3658	0.03	0.02
3659	0.03	0.02
3660	0.03	0.02
3661	0.03	0.02
3662	0.03	0.03
3663	0.03	0.03
3664	0.02	0.03
3665	0.02	0.04
3666	0.02	0.04
3667	0.02	0.04
3668	0.02	0.05
3669	0.02	0.05
3670	0.02	0.06
3671	0.02	0.06
3672	0.02	0.07
3673	0.02	0.08
3674	0.02	0.08
3675	0.02	0.08
3676	0.02	0.09
3677	0.02	0.1
3678	0.01	0.11
3679	0.01	0.12
3680	0.01	0.13
3681	0.01	0.14
3682	0.01	0.15
3683	0.01	0.16
3684	0.01	0.17
3685	0.01	0.18
3686	0.01	0.18
3687	0.01	0.19
3688	0.01	0.2
3689	0	0.21
3690	0	0.22
3691	0	0.23
3692	0	0.24
3693	0	0.25
3694	0	0.27
3695	0	0.28
3696	0	0.3
3697	0	0.31
3698	0	0.33
3699	0	0.34
3700	0	0.36
3701	0	0.38
3702	0	0.39
3703	0	0.41
3704	0	0.42
3705	0	0.43
3706	0	0.44
3707	0	0.45
3708	0	0.45
3709	0	0.46
3710	0	0.46
3711	0	0.46
3712	0	0.46
3713	0	0.46
3714	0	0.46
3715	0	0.45
3716	0	0.44
3717	0	0.44
3718	0	0.42
3719	0	0.4
3720	0	0.38
3721	0	0.37
3722	0	0.34
3723	0	0.32
3724	0	0.29
3725	0	0.27
3726	0	0.25
3727	0	0.22
3728	0	0.2
3729	0	0.18
3730	0	0.16
3731	0.01	0.15
3732	0.01	0.13
3733	0.01	0.12
3734	0.01	0.11
3735	0.01	0.1
3736	0.01	0.09
3737	0.01	0.09
3738	0.01	0.08
3739	0.01	0.09
3740	0.01	0.08
3741	0.01	0.08
3742	0.01	0.08
3743	0.01	0.08
3744	0.01	0.08
3745	0.01	0.09
3746	0.01	0.09
3747	0.01	0.09
3748	0.01	0.09
3749	0.01	0.1
3750	0.01	0.11
3751	0.01	0.11
3752	0.02	0.12
3753	0.02	0.12
3754	0.02	0.13
3755	0.02	0.14
3756	0.02	0.14
3757	0.02	0.15
3758	0.02	0.15
3759	0.02	0.16
3760	0.02	0.17
3761	0.02	0.17
3762	0.02	0.18
3763	0.02	0.18
3764	0.03	0.19
3765	0.03	0.2
3766	0.03	0.2
3767	0.03	0.21
3768	0.03	0.22
3769	0.03	0.22
3770	0.03	0.24
3771	0.04	0.24
3772	0.04	0.25
3773	0.04	0.26
3774	0.04	0.27
3775	0.05	0.27
3776	0.05	0.28
3777	0.05	0.29
3778	0.05	0.29
3779	0.06	0.3
3780	0.06	0.31
3781	0.07	0.32
3782	0.07	0.32
3783	0.07	0.32
3784	0.07	0.34
3785	0.08	0.34
3786	0.09	0.35
3787	0.1	0.35
3788	0.1	0.36
3789	0.11	0.36
3790	0.11	0.37
3791	0.11	0.37
3792	0.12	0.38
3793	0.13	0.38
3794	0.13	0.38
3795	0.14	0.38
3796	0.14	0.38
3797	0.15	0.38
3798	0.16	0.38
3799	0.16	0.37
3800	0.17	0.37
3801	0.17	0.36
3802	0.18	0.35
3803	0.19	0.34
3804	0.2	0.34
3805	0.2	0.33
3806	0.21	0.32
3807	0.22	0.32
3808	0.22	0.3
3809	0.23	0.29
3810	0.24	0.28
3811	0.24	0.27
3812	0.25	0.26
3813	0.26	0.25
3814	0.26	0.24
3815	0.27	0.23
3816	0.27	0.22
3817	0.27	0.21
3818	0.27	0.2
3819	0.28	0.2
3820	0.28	0.19
3821	0.29	0.18
3822	0.28	0.18
3823	0.29	0.17
3824	0.29	0.16
3825	0.29	0.16
3826	0.29	0.16
3827	0.29	0.15
3828	0.3	0.15
3829	0.29	0.14
3830	0.29	0.14
3831	0.29	0.13
3832	0.29	0.13
3833	0.28	0.13
3834	0.28	0.12
3835	0.28	0.12
3836	0.27	0.11
3837	0.27	0.11
3838	0.26	0.1
3839	0.26	0.1
3840	0.25	0.09
3841	0.25	0.09
3842	0.24	0.08
3843	0.24	0.07
3844	0.23	0.07
3845	0.23	0.06
3846	0.22	0.06
3847	0.22	0.05
3848	0.21	0.04
3849	0.21	0.04
3850	0.2	0.04
3851	0.2	0.03
3852	0.2	0.03
3853	0.19	0.02
3854	0.19	0.02
3855	0.2	0.02
3856	0.19	0.01
3857	0.2	0.01
3858	0.2	0.01
3859	0.21	0.01
3860	0.21	0.01
3861	0.22	0.01
3862	0.22	0.01
3863	0.22	0.01
3864	0.22	0.01
3865	0.21	0
3866	0.21	0
3867	0.2	0
3868	0.2	0
3869	0.2	0
3870	0.18	0
3871	0.18	0
3872	0.17	0
3873	0.17	0
3874	0.16	0
3875	0.16	0
3876	0.15	0
3877	0.15	0
3878	0.15	0
3879	0.15	0
3880	0.14	0
3881	0.14	0
3882	0.14	0
3883	0.14	0
3884	0.14	0
3885	0.14	0
3886	0.14	0
3887	0.15	0
3888	0.15	0
3889	0.15	0
3890	0.15	0
3891	0.15	0
3892	0.16	0
3893	0.16	0
3894	0.17	0
3895	0.18	0
3896	0.19	0
3897	0.21	0
3898	0.22	0
3899	0.24	0
3900	0.26	0
3901	0.28	0
3902	0.3	0
3903	0.33	0
3904	0.36	0
3905	0.39	0
3906	0.42	0
3907	0.45	0
3908	0.47	0
3909	0.5	0
3910	0.52	0
3911	0.54	0
3912	0.56	0
3913	0.58	0
3914	0.59	0
3915	0.6	0
3916	0.61	0
3917	0.62	0
3918	0.63	0
3919	0.63	0
3920	0.64	0
3921	0.65	0
3922	0.65	0
3923	0.65	0
3924	0.66	0
3925	0.66	0
3926	0.66	0
3927	0.66	0
3928	0.66	0
3929	0.66	0
3930	0.66	0
3931	0.65	0
3932	0.64	0
3933	0.64	0
3934	0.63	0
3935	0.62	0
3936	0.61	0
3937	0.6	0
3938	0.59	0
3939	0.57	0
3940	0.56	0
3941	0.55	0
3942	0.53	0
3943	0.51	0
3944	0.51	0
3945	0.5	0
3946	0.49	0
3947	0.47	0
3948	0.47	0
3949	0.46	0
3950	0.45	0
3951	0.45	0
3952	0.44	0
3953	0.43	0
3954	0.42	0
3955	0.42	0
3956	0.4	0
3957	0.39	0
3958	0.38	0
3959	0.37	0
3960	0.36	0
3961	0.34	0
3962	0.32	0
3963	0.31	0
3964	0.29	0
3965	0.27	0
3966	0.25	0
3967	0.23	0
3968	0.22	0
3969	0.2	0
3970	0.19	0
3971	0.17	0
3972	0.16	0
3973	0.14	0
3974	0.13	0
3975	0.12	0
3976	0.1	0
3977	0.09	0
3978	0.08	0
3979	0.07	0
3980	0.06	0
3981	0.05	0
3982	0.05	0
3983	0.04	0
3984	0.04	0
3985	0.03	0
3986	0.03	0
3987	0.02	0
3988	0.02	0
3989	0.02	0
3990	0.02	0
3991	0.02	0
3992	0.01	0
3993	0.01	0
3994	0.01	0
3995	0.01	0
3996	0.01	0
3997	0.01	0
3998	0.01	0
3999	0.01	0
4000	0.01	0
4001	0.01	0
4002	0.01	0
4003	0.01	0
4004	0.01	0
4005	0	0
4006	0	0
4007	0	0
4008	0	0
4009	0	0
4010	0	0
4011	0	0
4012	0	0
4013	0	0
4014	0	0
4015	0	0
4016	0	0
4017	0	0
4018	0	0
4019	0	0
4020	0	0
4021	0	0
4022	0	0
4023	0	0
4024	0	0
4025	0	0
4026	0	0
4027	0	0
4028	0	0
4029	0	0
4030	0	0
4031	0	0
4032	0	0
4033	0	0
4034	0	0
4035	0	0
4036	0	0
4037	0	0
4038	0	0
4039	0	0
4040	0	0
4041	0	0
4042	0	0
4043	0	0
4044	0	0
4045	0	0
4046	0	0
4047	0	0
4048	0	0
4049	0	0
4050	0	0
4051	0	0
4052	0	0
4053	0	0
4054	0	0
4055	0	0
4056	0	0
4057	0	0
4058	0	0
4059	0	0
4060	0	0
